Code, Description, Date Expiry, Date Added, ForceValid,
CabarettiAlliance, Cabaretti Sleeve, , 2022/05/18, ,
RiveteerBlitz, Riveteers Sleeve, , 2022/05/18, ,
ObscuraConnive, Obscura Sleeve, , 2022/05/18, ,
MaestroCasualty, Maestros Sleeve, , 2022/05/18, ,
BrokerShield, Brokers Sleeve, , 2022/05/18, ,
PlaySNC, 3 Streets of New Capenna Packs, , 2022/04/28, ,
CrimeIsAnArtForm, Capenna Family Sleeve, , 2022/04/10, ,
AlwaysFinishTheJob, Capenna Family Sleeve, , 2022/04/10, ,
InformationIsPower, Capenna Family Sleeve, , 2022/04/10, ,
FunIsntFree, Capenna Family Sleeve, , 2022/04/10, ,
ReadTheFinePrint, Capenna Family Sleeve, , 2022/04/10, ,
PlayNEOAlchemy, 3 Kamigawa: Nein Dynasty Alchemy Packs, , 2022/03/17, ,
PLAYNEO, 3 Kamigawa: Neon Dynasty Booster Packs, ,2022/02/10, ,
COURIERBAT, "2,000 gold, emote, 1 Innistrad: Crimson Vow pack, and 4 cards", , 2021/11/19, ,
PLAYVOW, 3 Innistrad: Crimson Vow packs, ,2021/11/11, ,
PLAYMID, 3 Innistrad: Midnight Hunt packs, ,2021/09/16, ,
PARCELMYR, 2000 gold and some goodies, ,2021/09/04, ,
PlayDND, 3 Adventures in the Forgotten Realms packs, ,2021/07/08, ,
GAMEKNIGHTS, Avenging Angels deck, ,2021/06/09, ,
ExperimentalOverload, Two Levels, ,2021/05/11, ,
RestorativeBurst, Two Levels, ,2021/04/20, ,
PlayStrixhaven, 3 Strixhaven Packs, ,2021/04/15, ,
PlayKaldheim, 3 Kaldheim Packs, ,2021/01/28, ,
TRYKALADESH, 1 Kaladesh Remastered Pack, ,2020/11/12, ,
PlayZendikar, 3 Zendikar Rising Packs, ,2020/09/17, ,
PLAYM21, 3 Core Set 2021 Packs, , 2020/06/24, ,
FNMATHOME, Promo pack containing 2 random cosmetics, ,2020/04/25, ,
PlayIkoria, 3 Ikoria: Lair of Behemoths Packs, , 2020/04/16, ,
PlayTheros, 3 Theros: Beyond Death Packs, , 2020/01/16, ,
PlayEldraine, 3 Throne of Eldraine Packs, , 2019/09/26, ,
LevelUp, 2000 XP, , 2019/07/02, ,
ParallaxPotion, [[Revitalize|m19|35]] card style, 2023/01/01, 2019/03/29, ,
SuperScry, [[Opt|xln|65]] card style, 2023/01/01, 2019/03/29, ,
FoilFungus, [[Deathbloom Thallid]] card style, 2023/01/01, 2019/03/30, ,
ShinyGoblinPirate, [[Fanatical Firebrand|rix|101]] card style, 2023/01/01, 2019/03/31, ,
SparkleDruid, [[Druid of the Cowl|m19|177]] card style, 2023/01/01, 2019/03/31, ,
OverTheMoon, "[[Arlinn, Voice of the Pack|SLD|516]] glass card style", 2023/01/01, 2019/05/26, ,
INNERDEMON, "[[Ob Nixilis, the Hate-Twisted|SLD|511]] glass card style", 2023/01/01, 2019/05/31, ,
SHIELDSUP, "[[Teyo, the Shieldmage|SLD|504]] glass card style", 2023/01/01, 2019/06/07, ,
WRITTENINSTONE, "[[Nahiri, Storm of Stone|SLD|533]] glass card style", 2023/01/01, 2019/06/14, ,
ENLIGHTENME, "[[Narset, Parter of Veils|SLD|508]] glass card style", 2023/01/01, 2019/06/21, ,
